{"AA": "F", "AO": "Marines", "Activity": ["CHECKVALVE", "CHECKVALVE"], "Boundary": "Camp Pendleton", "CollectionEndTime": ["NoMetaProvided", "NoMetaProvided"], "CollectionStartTime": ["2019-01-16T00,43,32Z", "2019-01-16T00,43,32Z"], "DataType": ["bro_dns", "bro_dns"], "DateTimeExpired": ["NoMetaProvided", "NoMetaProvided"], "DateTimeReceived": ["2019-01-16T00,43,32Z", "2019-01-16T00,43,32Z"], "Handling": ["HIPAA,", "HIPAA,"], "Mission": ["MIMAS", "MIMAS"], "NodeUUID": ["NodeUUID", "NodeUUID"], "Pqtype_name": "NB", "Producer_name": ["Producer", "Producer"], "Producer_originatorType": ["OT_SERVICE", "OT_SERVICE"], "Producer_producerType": ["PT_CREATOR", "PT_CREATOR"], "RA": "F", "RD": "T", "Sector": "Marines INDOPACOM", "SourceUUID": ["SourceUUID", "SourceUUID"], "TC": "F", "Version": ["1.0.0", "1.0.0"], "Z": "0", "_bkt": "test_mission~1~BF90904B-4189-4D9A-B063-788F244C720A", "_cd": "1:4568", "_eventtype_color": "", "_indextime": "1570205044", "_kv": "1", "_raw": "1456222548.056981\tCOpHDZ2b10elBE8PN9\t132.61.132.252\t137\t132.61.200.13\t137\tudp\t65509\t-\t52SNAQ-QS-900V\t1\tC_INTERNET\t32\tNB\t-\t-\tF\tF\tT\tF\t0\t-\t-\tF | Producer_originatorType=OT_SERVICE| Handling=HIPAA, PII, PCI DSS, DOD, Possible Malware| CollectionStartTime=2019-01-16T00,43,32Z| CollectionEndTime=NoMetaProvided| SourceUUID=SourceUUID| NodeUUID=NodeUUID| DateTimeExpired=NoMetaProvided| Producer_producerType=PT_CREATOR| DateTimeReceived=2019-01-16T00,43,32Z| Mission=MIMAS| DataType=bro_dns| Producer_name=Producer| security_ownerProducer=USA| Activity=CHECKVALVE| network=Network| security_DataClassification=Unclassified| Version=1.0.0", "_serial": "7322", "_si": ["localhost.localdomain", "test_mission"], "_sourcetype": "bdp_import_dns", "_subsecond": ".056981", "_time": "1456222548.056981", "date_hour": "10", "date_mday": "23", "date_minute": "15", "date_month": "february", "date_second": "48", "date_wday": "tuesday", "date_year": "2016", "date_zone": "0", "dest_ip": "132.61.200.13", "dest_port": "137", "eventtype": "", "host": "localhost.localdomain", "index": "test_mission", "linecount": "1", "network": ["Network", "Network"], "protocol": "udp", "punct": ".tt...tt...tttt-t--ttttt-t-tttttt-t-t_|_=|_=,_,__,", "qclass": "1", "qclass_name": "C_INTERNET", "qtype": "32", "query": "52SNAQ-QS-900V", "rejected": "F", "response": "-", "response_code": "-", "response_name": "-", "rtt": "-", "security_DataClassification": ["Unclassified", "Unclassified"], "security_ownerProducer": ["USA", "USA"], "source": "bdp_dns", "sourcetype": "bdp_import_dns", "splunk_server": "localhost.localdomain", "splunk_server_group": "", "src_ip": "132.61.132.252", "src_port": "137", "timeendpos": "17", "timestamp": "1456222548.056981", "timestartpos": "0", "trans_id": "65509", "ttls": "-", "uid": "COpHDZ2b10elBE8PN9"}