{"AO": "Marines", "ActivityId": "", "Bookmark": "System.Diagnostics.Eventing.Reader.EventBookmark", "Boundary": "Camp Lejeune", "ContainerLog": "c:\\users\\dod_admin\\desktop\\splunk standalone\\evtx\\system.evtx", "Id": "1", "Keywords": "-9223372036854775792", "KeywordsDisplayNames": "System.Collections.ObjectModel.ReadOnlyCollection`1[System.String]", "Level": "4", "LevelDisplayName": "Information", "LogName": "System", "MachineName": "NOMS20CLJNVX002.dms.ad.usmc.mil", "MatchedQueryIds": "System.UInt32[]", "Message": "The system time has changed to ?2018?-?04?-?11T15:13:37.933000000Z from ?2018?-?04?-?11T15:13:37.956169200Z.\r\n\r\nChange Reason: An application or system component changed the time.", "Opcode": "0", "OpcodeDisplayName": "Info", "ProcessId": "828", "Properties": "System.Collections.Generic.List`1[System.Diagnostics.Eventing.Reader.EventProperty]", "ProviderId": "a68ca8b7-004f-d7b6-a698-07e2de0f1f5d", "ProviderName": "Microsoft-Windows-Kernel-General", "Qualifiers": "", "RecordId": "687", "Sector": ["Marines", "INDOPACOM"], "Task": "0", "TaskDisplayName": "", "ThreadId": "1480", "TimeCreated": "4/11/2018 11:13:37 AM", "UserId": "S-1-5-19", "Version": "1", "_bkt": "evtx~1~BF90904B-4189-4D9A-B063-788F244C720A", "_cd": "1:55287", "_eventtype_color": "", "_indextime": "1571080517", "_raw": "\"The system time has changed to ?2018?-?04?-?11T15:13:37.933000000Z from ?2018?-?04?-?11T15:13:37.956169200Z.\r\n\r\nChange Reason: An application or system component changed the time.\",\"1\",\"1\",,\"4\",\"0\",\"0\",\"-9223372036854775792\",\"687\",\"Microsoft-Windows-Kernel-General\",\"a68ca8b7-004f-d7b6-a698-07e2de0f1f5d\",\"System\",\"828\",\"1480\",\"NOMS20CLJNVX002.dms.ad.usmc.mil\",\"S-1-5-19\",\"4/11/2018 11:13:37 AM\",,,\"c:\\users\\dod_admin\\desktop\\splunk standalone\\evtx\\system.evtx\",\"System.UInt32[]\",\"System.Diagnostics.Eventing.Reader.EventBookmark\",\"Information\",\"Info\",,\"System.Collections.ObjectModel.ReadOnlyCollection`1[System.String]\",\"System.Collections.Generic.List`1[System.Diagnostics.Eventing.Reader.EventProperty]\"", "_serial": "40018", "_si": ["localhost.localdomain", "evtx"], "_sourcetype": "evtx_csv", "_time": "1523459617", "date_hour": "11", "date_mday": "11", "date_minute": "13", "date_month": "april", "date_second": "37", "date_wday": "wednesday", "date_year": "2018", "date_zone": "local", "eventtype": "", "host": "localhost.localdomain", "index": "evtx", "linecount": "3", "punct": "\"______??-??-?::.__??-??-?::..\\r\\r_:________.\",\"\",\"\"", "source": "System.csv", "sourcetype": "evtx_csv", "splunk_server": "localhost.localdomain", "splunk_server_group": ""}